[
    {
        "categoria": "Aventura",
        "director": "Sam Raimi",
        "poster": "../static/imagenes/peliculas/spiderman.jpeg",
        "precio": 58.99,
        "anno": 2002,
        "descripcion": "El mejor spiderman.",
        "time": "2020-10-25 19:04:45",
        "actores": [
            {
                "nombre": "Tobey Maguire",
                "foto": "../static/imagenes/actores/TobeyMaguire.jpg",
                "personaje": "Spider-Man, Peter Parker"
            },
            {
                "nombre": "Willem Dafoe",
                "foto": "../static/imagenes/actores/WillemDafoe.jpg",
                "personaje": "Duende Verde"
            }
        ],
        "titulo": "Spider-Man",
        "movement_id": 1,
        "id": 3
    },
    {
        "categoria": "Suspense",
        "director": "Christopher Nolan",
        "poster": "../static/imagenes/peliculas/origen.jpg",
        "precio": 70.99,
        "anno": 2010,
        "descripcion": "Inception (Origen, en Espa\u00f1a, y El origen, en Hispanoam\u00e9rica) es una pel\u00edcula brit\u00e1nica-estadounidense de ciencia ficci\u00f3n escrita, producida y dirigida por Christopher Nolan y protagonizada por Leonardo DiCaprio, Ellen Page, Joseph Gordon-Levitt, Ken Watanabe, Tom Hardy, Marion Cotillard, Cillian Murphy, Tom Berenger y Michael Caine.",
        "time": "2020-10-25 19:05:02",
        "actores": [
            {
                "nombre": "Leonardo DiCaprio",
                "foto": "../static/imagenes/actores/LeonardoDiCaprio.jpg",
                "personaje": "Dominick Cobb"
            },
            {
                "nombre": "Cillian Murphy",
                "foto": "../static/imagenes/actores/CillianMurphy.jpg",
                "personaje": "Robert Fischer"
            }
        ],
        "titulo": "Origen",
        "movement_id": 2,
        "id": 5
    },
    {
        "categoria": "Drama",
        "director": "Todd Phillips",
        "poster": "../static/imagenes/peliculas/joker.jpg",
        "precio": 18.99,
        "anno": 2019,
        "descripcion": "Joker (conocida como Guas\u00f3n en Hispanoam\u00e9rica) es una pel\u00edcula de suspenso y drama psicol\u00f3gico estadounidense de 2019 distribuida por Warner Bros. Pictures y basada en el Joker, personaje de DC Comics",
        "time": "2020-10-25 19:07:33",
        "actores": [
            {
                "nombre": "Joaquin Phoenix",
                "foto": "../static/imagenes/actores/Joaquin.jpg",
                "personaje": "Joker"
            },
            {
                "nombre": "Robert De Niro",
                "foto": "../static/imagenes/actores/RobertDeNiro.jpg",
                "personaje": "Murray Franklin"
            }
        ],
        "titulo": "Joker",
        "movement_id": 3,
        "id": 1
    },
    {
        "categoria": "Comedia",
        "director": "Quentin Tarantino",
        "poster": "../static/imagenes/peliculas/pulp_fiction.jpg",
        "precio": 18.99,
        "anno": 1994,
        "descripcion": "Pulp Fiction (en Hispanoam\u00e9rica Tiempos violentos) es una pel\u00edcula estadounidense de 19944\u200b escrita y dirigida por Quentin Tarantino. El guion est\u00e1 basado en historias que el mismo Tarantino desarroll\u00f3 en colaboraci\u00f3n con Roger Avary durante los a\u00f1os 1992 y 1993, incluyendo escenas que originalmente hab\u00edan sido escritas para True Romance.",
        "time": "2020-10-25 19:07:37",
        "actores": [
            {
                "nombre": "John Travolta",
                "foto": "../static/imagenes/actores/JohnTravolta.jpg",
                "personaje": "Vincent Vega"
            },
            {
                "nombre": "Samuel L. Jackson",
                "foto": "../static/imagenes/actores/SamuelLJackson.jpg",
                "personaje": "Jules Winnfield"
            }
        ],
        "titulo": "Pulp Fiction",
        "movement_id": 4,
        "id": 4
    },
    {
        "categoria": "Drama",
        "director": "Todd Phillips",
        "poster": "../static/imagenes/peliculas/joker.jpg",
        "precio": 18.99,
        "anno": 2019,
        "descripcion": "Joker (conocida como Guas\u00f3n en Hispanoam\u00e9rica) es una pel\u00edcula de suspenso y drama psicol\u00f3gico estadounidense de 2019 distribuida por Warner Bros. Pictures y basada en el Joker, personaje de DC Comics",
        "time": "2020-10-25 19:07:38",
        "actores": [
            {
                "nombre": "Joaquin Phoenix",
                "foto": "../static/imagenes/actores/Joaquin.jpg",
                "personaje": "Joker"
            },
            {
                "nombre": "Robert De Niro",
                "foto": "../static/imagenes/actores/RobertDeNiro.jpg",
                "personaje": "Murray Franklin"
            }
        ],
        "titulo": "Joker",
        "movement_id": 5,
        "id": 1
    },
    {
        "categoria": "Drama",
        "director": "FranK Darabont",
        "poster": "../static/imagenes/peliculas/cadena_perpetua.jpg",
        "precio": 68.99,
        "anno": 1994,
        "descripcion": "The Shawshank Redemption (Cadena perpetua en Espa\u00f1a; Sue\u00f1o de fuga en Colombia, Chile, M\u00e9xico, Per\u00fa y Venezuela; y Sue\u00f1os de libertad o Escape a la libertad en Argentina) es una pel\u00edcula estadounidense de 1994 escrita y dirigida por Frank Darabont y protagonizada por Tim Robbins y Morgan Freeman.",
        "time": "2020-10-25 20:21:20",
        "actores": [
            {
                "nombre": "Tim Robbins",
                "foto": "../static/imagenes/actores/TodRobbins.png",
                "personaje": "Andy Dufresne"
            },
            {
                "nombre": "Morgan Freeman",
                "foto": "../static/imagenes/actores/MorganFreeman.jpg",
                "personaje": "Ellis Boyd"
            }
        ],
        "titulo": "Cadena perpetua",
        "movement_id": 6,
        "id": 2
    },
    {
        "categoria": "Drama",
        "director": "FranK Darabont",
        "poster": "../static/imagenes/peliculas/cadena_perpetua.jpg",
        "precio": 68.99,
        "anno": 1994,
        "descripcion": "The Shawshank Redemption (Cadena perpetua en Espa\u00f1a; Sue\u00f1o de fuga en Colombia, Chile, M\u00e9xico, Per\u00fa y Venezuela; y Sue\u00f1os de libertad o Escape a la libertad en Argentina) es una pel\u00edcula estadounidense de 1994 escrita y dirigida por Frank Darabont y protagonizada por Tim Robbins y Morgan Freeman.",
        "time": "2020-10-25 20:21:20",
        "actores": [
            {
                "nombre": "Tim Robbins",
                "foto": "../static/imagenes/actores/TodRobbins.png",
                "personaje": "Andy Dufresne"
            },
            {
                "nombre": "Morgan Freeman",
                "foto": "../static/imagenes/actores/MorganFreeman.jpg",
                "personaje": "Ellis Boyd"
            }
        ],
        "titulo": "Cadena perpetua",
        "movement_id": 7,
        "id": 2
    },
    {
        "categoria": "Aventura",
        "director": "Sam Raimi",
        "poster": "../static/imagenes/peliculas/spiderman.jpeg",
        "precio": 58.99,
        "anno": 2002,
        "descripcion": "El mejor spiderman.",
        "time": "2020-10-25 21:02:45",
        "actores": [
            {
                "nombre": "Tobey Maguire",
                "foto": "../static/imagenes/actores/TobeyMaguire.jpg",
                "personaje": "Spider-Man, Peter Parker"
            },
            {
                "nombre": "Willem Dafoe",
                "foto": "../static/imagenes/actores/WillemDafoe.jpg",
                "personaje": "Duende Verde"
            }
        ],
        "titulo": "Spider-Man",
        "movement_id": 8,
        "id": 3
    },
    {
        "categoria": "Drama",
        "director": "Todd Phillips",
        "poster": "../static/imagenes/peliculas/joker.jpg",
        "precio": 18.99,
        "anno": 2019,
        "descripcion": "Joker (conocida como Guas\u00f3n en Hispanoam\u00e9rica) es una pel\u00edcula de suspenso y drama psicol\u00f3gico estadounidense de 2019 distribuida por Warner Bros. Pictures y basada en el Joker, personaje de DC Comics",
        "time": "2020-10-25 21:02:53",
        "actores": [
            {
                "nombre": "Joaquin Phoenix",
                "foto": "../static/imagenes/actores/Joaquin.jpg",
                "personaje": "Joker"
            },
            {
                "nombre": "Robert De Niro",
                "foto": "../static/imagenes/actores/RobertDeNiro.jpg",
                "personaje": "Murray Franklin"
            }
        ],
        "titulo": "Joker",
        "movement_id": 9,
        "id": 1
    },
    {
        "categoria": "Acci\u00f3n",
        "director": "Christopher Nolan",
        "poster": "../static/imagenes/peliculas/dark_knight.jpg",
        "precio": 31.99,
        "anno": 2008,
        "descripcion": "The Dark Knight (titulada El caballero oscuro en Espa\u00f1a y Batman: El caballero de la noche en Hispanoam\u00e9rica) es una pel\u00edcula de superh\u00e9roes brit\u00e1nico-estadounidense de 2008 dirigida por Christopher Nolan, escrita por Nolan y su hermano Jonathan Nolan y producida por Emma Thomas, Charles Roven y el mismo Nolan.",
        "time": "2020-10-26 11:27:20",
        "actores": [
            {
                "nombre": "Christian Bale",
                "foto": "../static/imagenes/actores/christianBale.jpg",
                "personaje": "Batman"
            },
            {
                "nombre": "Michael Caine",
                "foto": "../static/imagenes/actores/MichaelCaine.jpg",
                "personaje": "Alfred"
            }
        ],
        "titulo": "El Caballero oscuro",
        "movement_id": 10,
        "id": 6
    },
    {
        "categoria": "Drama",
        "anno": 1994,
        "poster": "../static/imagenes/peliculas/cadena_perpetua.jpg",
        "precio": 68.99,
        "director": "FranK Darabont",
        "actores": [
            {
                "nombre": "Tim Robbins",
                "foto": "../static/imagenes/actores/TodRobbins.png",
                "personaje": "Andy Dufresne"
            },
            {
                "nombre": "Morgan Freeman",
                "foto": "../static/imagenes/actores/MorganFreeman.jpg",
                "personaje": "Ellis Boyd"
            }
        ],
        "time": "2020-10-27 10:25:32",
        "descripcion": "The Shawshank Redemption (Cadena perpetua en Espa\u00f1a; Sue\u00f1o de fuga en Colombia, Chile, M\u00e9xico, Per\u00fa y Venezuela; y Sue\u00f1os de libertad o Escape a la libertad en Argentina) es una pel\u00edcula estadounidense de 1994 escrita y dirigida por Frank Darabont y protagonizada por Tim Robbins y Morgan Freeman.",
        "titulo": "Cadena perpetua",
        "movement_id": 11,
        "id": 2
    }
]