{
    "peliculas": [{
        "id": 1,
        "titulo": "La guerra de las galaxias: Episodio 1-La amenaza fantasma",
        "poster": "imagenes/guerraepisodio1.jpg",
        "director": "George Lucas",
        "precio": 18.99,
        "categoria": "Aventura",
        "anno": 1999,
        "actores": [{
                "nombre": "Jake Lloyd",
                "personaje": "Anakin Skywalker",
                "foto": "imagenes/anakin.jpg"
            },
            {
                "nombre": "Ewan McGregor",
                "personaje": "Obi-Wan Kenobi",
                "foto": "imagenes/kenobi.jpg"
            }
        ]
    }]
}